/* populating tables */
USE `surfcal`;

INSERT INTO Calendars (calendarId, name, description) VALUES
    (1, 'mclovin calendar', 'mclovins personal calendar'),
    (2, 'Katies Calendar', 'mock calendar for sales demo'),
    (3, 'valentinas Calendar', 'mock calendar for sales demo'),
    (4, 'borts calendar', 'borts personal calendar'),
    (5, 'johns calendar', 'johns personal calendar'),
    (6, 'group calendar', 'mock group calendar');

INSERT INTO ItemType (type) VALUES
    ('event'),
    ('reminder'),
    ('note'),
    ('task');

INSERT INTO Accounts (id, username, email, password, salt, name, birthday, lastKnownIp, calendarId, createDate, isDeactivated) VALUES
    (1, 'mcLovin123', 'mcLovin123@gmail.com', '5baa61e4c9b93f3f0682250b6cf8331b7ee68fd8',
        null, 'mcLovin', '1990-04-15', '208.159.243.92', 1, '2018-05-30', FALSE),
    (2, 'coolcatz', 'coolcat@aol.com', '5baa61e4c9b93f3f0682250b6cf8331b7ee68fd8',
        null, 'Katie Lannone', '1994-12-18', '80.254.202.72', 2, '2018-06-01', FALSE),
    (3, 'valentinarossi', 'valentinarossi@gmail.com', '5baa61e4c9b93f3f0682250b6cf8331b7ee68fd8',
        null, 'Valentina Rossi', '1988-07-01', '67.131.190.8', 3, '2018-05-24', FALSE),
    (4, 'bort', 'bort@aol.com', '5baa61e4c9b93f3f0682250b6cf8331b7ee68fd8',
        null, 'Bort Simpson', '1994-10-29', '80.432.202.71', 4, '2018-06-01', FALSE),
    (5, 'johndoe', 'johndoe@gmail.com', '5baa61e4c9b93f3f0682250b6cf8331b7ee68fd8',
        null, 'John Doe', '1992-03-23', '67.132.191.9', 5, '2018-05-25', FALSE);


INSERT INTO EmailCodes (accId, code) VALUES
    (1, '45S6Y'),
    (2, '25S6Y'),
    (3, '45T6Y'),
    (4, '42U2U'),
    (5, '30J3I');

INSERT INTO Contacts (contactId, accId, name, birthday) VALUES
    (1, 1, 'Josephine Adimari', '1992-12-24'),
    (2, 1, 'Andrea Iannone', '1988-12-12'),
    (3, 1, 'Marc Marquez', '1923-09-09'),
    (4, 2, 'Brock Lesnar', '1985-05-12'),
    (5, 2, 'Stephen Thompson', '1999-09-09'),
    (6, 2, 'Fedor Emilionenko', '1934-12-12'),
    (7, 2, 'Jose Aldo', '1995-03-23'),
    (8, 3, 'Conor Mcgregor', '1989-12-12'),
    (9, 3, 'Alistar Overeem', '1998-04-05'),
    (10, 3, 'Dominic Cruz', '1990-12-23'),
    (11, 4, 'Cody Garbrandt', '1999-12-12'),
    (12, 4, 'Max Holloway', '1994-12-12'),
    (13, 4, 'Brendan Schaub', '1990-10-10'),
    (14, 5, 'Bobby Lee', '1992-10-10'),
    (15, 5, 'Theo Von', '1989-10-10'),
    (16, 5, 'Chris Delia', '1990-05-23');

INSERT INTO ContactAddresses (contactId, streetField, city, state_, country, postal) VALUES
    (1, '1234 Sesame Street', 'Port Coquitlam', 'British Columbia', 'Canada', 'V3B1G3'),
    (1, '1234 Sesame ave', 'Port Coquitlam', 'British Columbia', 'Canada', 'V3B1G3'),
    (1, '1234 Sesame lane', 'Port Coquitlam', 'British Columbia', 'Canada', 'V3B1G3'),
    (2, '1700 Hampton Drive', 'Coquitlam', 'British Columbia', 'Canada', 'V3E3C8'),
    (3, '8909 Alaska Way', 'Burnaby', 'British Columbia', 'Canada', 'V5T6S9'),
    (4, '123 Fake st', 'Vancouver', 'British Columbia', 'Canada', 'V4N1N4'),
    (5, '2636 Oliver Crescent', 'Vancouver', 'British Columbia', 'Canada', 'V6J3T2'),
    (6, '111 Iona Drive', 'Surrey', 'British Columbia', 'Canada', 'V4TJ32'),
    (7, '157 Oliver Drive', 'Burnaby', 'British Columbia', 'Canada', 'V3HG2T'),
    (8, '999 Fire Lane', 'Coquitlam', 'British Columbia', 'Canada', 'V0TR9H'),
    (9, '222 Sudden Valley', 'Vancouver', 'British Columbia', 'Canada', 'V4S1N5'),
    (10, '2045 Maple st', 'Surrey', 'British Columbia', 'Canada', 'V3E1ET'),
    (11, '1580 Haro st', 'Vancouver', 'British Columbia', 'Canada', 'V9ST6T'),
    (12, '10740 168 st', 'Vancouver', 'British Columbia', 'Canada', 'V4N1N4'),
    (13, '777 Dunsmuir', 'Vancouver', 'British Columbia', 'Canada', 'V4G1G4'),
    (14, '609 Granville st', 'Vancouver', 'British Columbia', 'Canada', 'V4M1M4'),
    (15, '1412 25th ave', 'Vancouver', 'British Columbia', 'Canada', 'V4S1S4'),
    (16, '777 Howe st', 'Surrey', 'British Columbia', 'Canada', 'V4S1N4');


INSERT INTO ContactEmails (contactId, email) VALUES
    (1, 'valentinorossi@gmail.com'),
    (1, 'valentinorossi@aol.com'),
    (1, 'valentinorossi@hotmail.com'),
    (2, 'aiannone0@hotmail.com'),
    (3, 'marquezthebiker@hotmail.com'),
    (4, 'brocklesnar@gmail.com'),
    (5, 'stephenthompson@gmail.com'),
    (6, 'fedoremilionenko@gmail.com'),
    (7, 'josealdo@gmail.com'),
    (8, 'conormcgregor@gmail.com'),
    (9, 'alistarovereem@gmail.com'),
    (10, 'dominiccruz@gmail.com'),
    (11, 'codygarbrandt@gmail.com'),
    (12, 'maxholloway@gmail.com'),
    (13, 'brendanschaub@gmail.com'),
    (14, 'bobbylee@gmail.com'),
    (15, 'theovon@gmail.com'),
    (16, 'chrisdelia@gmail.com');

INSERT INTO ContactPhones (contactId, phoneNum, type) VALUES
    (1, '6042348490', 'home'),
    (1, '6042428490', 'work'),
    (1, '6042234290', 'evening'),
    (2, '7789083245', 'work'),
    (3, '6048899020', 'evening'),
    (4, '6045234234', 'home'),
    (5, '7789325292', 'work'),
    (6, '6042382932', 'evening'),
    (7, '6045329298', 'home'),
    (8, '7782522352', 'work'),
    (9, '6043924829', 'evening'),
    (10, '6045203924', 'home'),
    (11, '7782528382', 'work'),
    (12, '6041124921', 'evening'),
    (13, '6049383293', 'home'),
    (14, '7781938320', 'work'),
    (15, '6041048193', 'evening'),
    (16, '6041948193', 'home');

INSERT INTO Items (itemId, calendarId, name, createDate, note, reminder, type, createdBy, location, colour) VALUES
    (1, 6, 'midterm', '2018-05-25', 'CPSC 304', NULL, 'event', 1, 'Vancouver', 1),
    (2, 6, 'final', '2018-05-21', 'CPSC 304', NULL, 'event', 1, 'Vancouver', 1),
    (3, 6, 'dentist', '2018-04-05', 'I have a cavity', '2018-06-06 00:00:00', 'event', 2, 'Vancouver', 1),
    (4, 6, 'hot date', '2018-05-24', 'a strong 8', NULL, 'event', 1, 'Vancouver', 1),
    (5, 6, 'play with dog', '2018-05-22', 'I love my dog', NULL, 'event', 1, 'Vancouver', 1),
    (6, 6, 'christmas', '2018-04-07', 'holiday', '2018-06-06 00:00:00', 'event', 1, 'Vancouver', 1),
    (7, 6, 'basketball', '2018-05-30', 'gotta exercise', NULL, 'event', 1, 'Vancouver', 1),
    (8, 6, 'superbowl', '2018-05-05', '', NULL, 'event', 1, 'Vancouver', 1),
    (9, 6, 'tinder date', '2018-04-25', 'giggity', '2018-06-06 00:00:00', 'event', 1, 'Vancouver', 1),
    (10, 6, 'boardgame night', '2018-03-23', 'I love codenames', NULL, 'event', 3, 'Vancouver', 1),
    (11, 6, 'do homework', '2018-05-22', 'CPSC 304', NULL, 'task', 1, 'Vancouver', 2),
    (12, 6, 'do homework', '2018-05-21', 'CPSC 304', NULL, 'task', 1, 'Vancouver', 2),
    (13, 6, 'take out garbage', '2018-04-05', 'gross', '2018-04-06 00:00:00', 'task', 3, 'Vancouver', 2),
    (14, 6, 'clean up apartment', '2018-05-25', 'so messy', NULL, 'task', 1, 'Vancouver', 2),
    (15, 6, 'wash the dishes', '2018-05-20', 'so dirty', NULL, 'task', 1, 'Vancouver', 2),
    (16, 6, 'walk the dog', '2018-04-03', 'I love my dog', '2018-04-06 00:00:00', 'task', 3, 'Vancouver', 2),
    (17, 6, 'study leetcode', '2018-05-19', 'for interviews', NULL, 'task', 1, 'Vancouver', 2),
    (18, 6, 'practice guitar', '2018-05-14', '1 hours', NULL, 'task', 1, 'Vancouver', 2),
    (19, 6, 'check emails', '2018-04-12', 'being responsible', '2018-04-06 00:00:00', 'task', 4, 'Vancouver', 2),
    (20, 6, 'go to the bank', '2018-05-05', 'im an adult', NULL, 'task', 1, 'Vancouver', 2),
    (21, 6, 'note1', '2018-05-25', 'sample text 1', NULL, 'note', 1, 'Vancouver', 4),
    (22, 6, 'note2', '2018-05-21', 'sample text 2', NULL, 'note', 1, 'Vancouver', 4),
    (23, 6, 'note3', '2018-04-05', 'sample text 3', '2018-06-06 00:00:00', 'note', 1, 'Vancouver', 4),
    (24, 6, 'note4', '2018-05-24', 'sample text 4', NULL, 'note', 5, 'Vancouver', 4),
    (25, 6, 'note5', '2018-05-22', 'sample text 5', NULL, 'note', 1, 'Vancouver', 4),
    (26, 6, 'note6', '2018-04-07', 'sample text 6', '2018-06-06 00:00:00', 'note', 1, 'Vancouver', 4),
    (27, 6, 'note7', '2018-05-30', 'sample text 7', NULL, 'note', 1, 'Vancouver', 4),
    (28, 6, 'note8', '2018-05-05', 'sample text 8', NULL, 'note', 5, 'Vancouver', 4),
    (29, 6, 'note9', '2018-04-25', 'sample text 9', '2018-06-06 00:00:00', 'note', 1, 'Vancouver', 4),
    (30, 6, 'note10', '2018-03-23', 'sample text 10', NULL, 'note', 1, 'Vancouver', 4),
    (31, 6, 'take out turkey', '2018-05-22', 'dont let it burn', NULL, 'reminder', 1, 'Vancouver', 3),
    (32, 6, 'call girlfriend', '2018-05-21', '<3', NULL, 'reminder', 2, 'Vancouver', 3),
    (33, 6, 'watch game of thrones', '2018-04-05', 'I <3 jon snow', '2018-04-06 00:00:00', 'reminder', 1, 'Vancouver', 3),
    (34, 6, 'take medication', '2018-05-25', 'dont forget!', NULL, 'reminder', 1, 'Vancouver', 3),
    (35, 6, 'exercise', '2018-05-20', 'get a beach bod', NULL, 'reminder', 1, 'Vancouver', 3),
    (36, 6, 'study', '2018-04-03', 'CPSC 304', '2018-04-06 00:00:00', 'reminder', 1, 'Vancouver', 3),
    (37, 6, 'practice meditation', '2018-05-19', 'sample text 7', NULL, 'reminder', 2, 'Vancouver', 3),
    (38, 6, 'garbage day', '2018-05-14', 'sample text 8', NULL, 'reminder', 3, 'Vancouver', 3),
    (39, 6, 'artizia warehouse sale today', '2018-04-12', 'sample text 9', '2018-04-06 00:00:00', 'reminder', 1, 'Vancouver', 3),
    (40, 6, 'wake up', '2018-05-05', 'sample text 10', NULL, 'reminder', 1, 'Vancouver', 3),
    (41, 1, 'midterm', '2018-05-25', 'CPSC 304', NULL, 'event', 1, 'Vancouver', 1),
    (42, 1, 'final', '2018-05-21', 'CPSC 304', NULL, 'event', 1, 'Vancouver', 1),
    (43, 2, 'dentist', '2018-04-05', 'I have a cavity', '2018-06-06 00:00:00', 'event', 2, 'Vancouver', 1),
    (44, 2, 'hot date', '2018-05-24', 'a strong 8', NULL, 'event', 1, 'Vancouver', 1),
    (45, 3, 'play with dog', '2018-05-22', 'I love my dog', NULL, 'event', 1, 'Vancouver', 1),
    (46, 3, 'christmas', '2018-04-07', 'holiday', '2018-06-06 00:00:00', 'event', 1, 'Vancouver', 1),
    (47, 4, 'basketball', '2018-05-30', 'gotta exercise', NULL, 'event', 1, 'Vancouver', 1),
    (48, 4, 'superbowl', '2018-05-05', '', NULL, 'event', 1, 'Vancouver', 1),
    (49, 5, 'tinder date', '2018-04-25', 'giggity', '2018-06-06 00:00:00', 'event', 1, 'Vancouver', 1),
    (50, 5, 'boardgame night', '2018-03-23', 'I love codenames', NULL, 'event', 3, 'Vancouver', 1),
    (51, 1, 'do homework', '2018-05-22', 'CPSC 304', NULL, 'task', 1, 'Vancouver', 2),
    (52, 1, 'do homework', '2018-05-21', 'CPSC 304', NULL, 'task', 1, 'Vancouver', 2),
    (53, 2, 'take out garbage', '2018-04-05', 'gross', '2018-04-06 00:00:00', 'task', 3, 'Vancouver', 2),
    (54, 2,'clean up apartment', '2018-05-25', 'so messy', NULL, 'task', 1, 'Vancouver', 2),
    (55, 3, 'wash the dishes', '2018-05-20', 'so dirty', NULL, 'task', 1, 'Vancouver', 2),
    (56, 3, 'walk the dog', '2018-04-03', 'I love my dog', '2018-04-06 00:00:00', 'task', 3, 'Vancouver', 2),
    (57, 4, 'study leetcode', '2018-05-19', 'for interviews', NULL, 'task', 1, 'Vancouver', 2),
    (58, 4, 'practice guitar', '2018-05-14', '1 hours', NULL, 'task', 1, 'Vancouver', 2),
    (59, 5, 'check emails', '2018-04-12', 'being responsible', '2018-04-06 00:00:00', 'task', 4, 'Vancouver', 2),
    (60, 5, 'go to the bank', '2018-05-05', 'im an adult', NULL, 'task', 1, 'Vancouver', 2),
    (61, 1, 'note1', '2018-05-25', 'sample text 1', NULL, 'note', 1, 'Vancouver', 4),
    (62, 1, 'note2', '2018-05-21', 'sample text 2', NULL, 'note', 1, 'Vancouver', 4),
    (63, 2, 'note3', '2018-04-05', 'sample text 3', '2018-06-06 00:00:00', 'note', 1, 'Vancouver', 4),
    (64, 2, 'note4', '2018-05-24', 'sample text 4', NULL, 'note', 5, 'Vancouver', 4),
    (65, 3, 'note5', '2018-05-22', 'sample text 5', NULL, 'note', 1, 'Vancouver', 4),
    (66, 3, 'note6', '2018-04-07', 'sample text 6', '2018-06-06 00:00:00', 'note', 1, 'Vancouver', 4),
    (67, 4, 'note7', '2018-05-30', 'sample text 7', NULL, 'note', 1, 'Vancouver', 4),
    (68, 4, 'note8', '2018-05-05', 'sample text 8', NULL, 'note', 5, 'Vancouver', 4),
    (69, 5, 'note9', '2018-04-25', 'sample text 9', '2018-06-06 00:00:00', 'note', 1, 'Vancouver', 4),
    (70, 5, 'note10', '2018-03-23', 'sample text 10', NULL, 'note', 1, 'Vancouver', 4),
    (71, 1, 'take out turkey', '2018-05-22', 'dont let it burn', NULL, 'reminder', 1, 'Vancouver', 3),
    (72, 1, 'call girlfriend', '2018-05-21', '<3', NULL, 'reminder', 2, 'Vancouver', 3),
    (73, 2, 'watch game of thrones', '2018-04-05', 'I <3 jon snow', '2018-04-06 00:00:00', 'reminder', 1, 'Vancouver', 3),
    (74, 2, 'take medication', '2018-05-25', 'dont forget!', NULL, 'reminder', 1, 'Vancouver', 3),
    (75, 3, 'exercise', '2018-05-20', 'get a beach bod', NULL, 'reminder', 1, 'Vancouver', 3),
    (76, 3, 'study', '2018-04-03', 'CPSC 304', '2018-04-06 00:00:00', 'reminder', 1, 'Vancouver', 3),
    (77, 4, 'practice meditation', '2018-05-19', 'sample text 7', NULL, 'reminder', 2, 'Vancouver', 3),
    (78, 4, 'garbage day', '2018-05-14', 'sample text 8', NULL, 'reminder', 3, 'Vancouver', 3),
    (79, 5, 'artizia warehouse sale today', '2018-04-12', 'sample text 9', '2018-04-06 00:00:00', 'reminder', 1, 'Vancouver', 3),
    (80, 5, 'wake up', '2018-05-05', 'sample text 10', NULL, 'reminder', 1, 'Vancouver', 3);

INSERT INTO EventItems (itemId, startDate, endDate) VALUES
    (1, '2018-05-25', '2018-05-30'),
    (2, '2018-05-21', '2018-05-30'),
    (3, '2018-04-05', '2018-05-30'),
    (4, '2018-05-24', '2018-05-30'),
    (5, '2018-05-22', '2018-05-30'),
    (6, '2018-04-07', '2018-05-30'),
    (7, '2018-05-30', '2018-05-30'),
    (8, '2018-05-05', '2018-05-30'),
    (9, '2018-04-25', '2018-05-30'),
    (10, '2018-03-23', '2018-05-30');

INSERT INTO TaskItems (itemId, dueDate, completionDate) VALUES
    (11, '2018-05-25', '2018-05-30'),
    (12, '2018-05-21', '2018-05-30'),
    (13, '2018-05-22', '2018-05-30'),
    (14, '2018-05-29', '2018-05-30'),
    (15, '2018-05-28', '2018-05-30'),
    (16, '2018-05-29', '2018-05-30'),
    (17, '2018-05-27', '2018-05-30'),
    (18, '2018-05-26', '2018-05-30'),
    (19, '2018-05-29', '2018-05-30'),
    (20, '2018-05-26', '2018-05-30');

INSERT INTO Groups (accId, calendarId, permissionType) VALUES
    (1, 1, 'user'),
    (2, 2, 'user'),
    (3, 3, 'user'),
    (4, 4, 'user'),
    (5, 5, 'user'),
    (1, 6, 'admin'),
    (2, 6, 'viewer'),
    (3, 6, 'viewer'),
    (4, 6, 'viewer'),
    (5, 6, 'viewer');

